{"layer0 to layer1 convergence": 0.3092392086982727, "layer1 to layer2 convergence": 0.2805282473564148, "layer0 to layer1 std": 0.2780483067035675, "layer1 to layer2 std": 0.2648250162601471, "layer1 spikes": 444, "layer2 spikes": 36, "layer0 spikes": 827, "layer0 to layer1 gradients": {"_type": "histogram", "values": [1087, 1078, 1086, 1124, 1220, 1150, 1202, 1181, 1225, 1135, 1260, 1228, 1214, 1195, 1348, 1232, 1276, 1313, 1342, 1337, 1322, 1319, 1367, 1384, 1407, 1396, 1402, 1403, 1438, 1381, 1463, 1457, 1469, 1474, 1488, 1533, 1535, 1613, 1525, 1476, 1493, 1455, 1434, 1346, 1289, 1186, 1029, 1039, 934, 857, 733, 655, 620, 552, 487, 436, 2215, 847, 207, 68, 15, 9, 6, 3], "bins": [6.799889888498001e-06, 0.01768682710826397, 0.03536685183644295, 0.053046878427267075, 0.0707269087433815, 0.08840693533420563, 0.10608696192502975, 0.12376698851585388, 0.1414470076560974, 0.15912704169750214, 0.17680706083774567, 0.1944870948791504, 0.21216711401939392, 0.22984714806079865, 0.24752716720104218, 0.2652072012424469, 0.28288722038269043, 0.30056723952293396, 0.3182472884654999, 0.3359273076057434, 0.35360732674598694, 0.37128734588623047, 0.3889673948287964, 0.4066474139690399, 0.42432743310928345, 0.442007452249527, 0.4596875011920929, 0.4773675203323364, 0.49504753947257996, 0.5127275586128235, 0.5304076075553894, 0.5480875968933105, 0.5657676458358765, 0.5834476947784424, 0.6011276841163635, 0.6188077330589294, 0.6364877820014954, 0.6541677713394165, 0.6718478202819824, 0.6895278096199036, 0.7072078585624695, 0.7248879075050354, 0.7425678968429565, 0.7602479457855225, 0.7779279947280884, 0.7956079840660095, 0.8132880330085754, 0.8309680223464966, 0.8486480712890625, 0.8663281202316284, 0.8840081095695496, 0.9016881585121155, 0.9193682074546814, 0.9370481967926025, 0.9547282457351685, 0.9724082350730896, 0.9900882840156555, 1.0077682733535767, 1.0254483222961426, 1.0431283712387085, 1.0608084201812744, 1.0784884691238403, 1.0961683988571167, 1.1138484477996826, 1.1315284967422485]}, "layer1 to layer2 gradients": {"_type": "histogram", "values": [6977, 7210, 7337, 7710, 8017, 8323, 8701, 8815, 9273, 9709, 10070, 10468, 11066, 11334, 11858, 12356, 12850, 13483, 13560, 13624, 13407, 12971, 12283, 10985, 9968, 8812, 7483, 6676, 5677, 4836, 4083, 3359, 2801, 8726, 3219, 1033, 434, 215, 110, 70, 36, 26, 11, 13, 2, 5, 1, 3, 5, 3, 0, 2, 1, 1, 0, 0, 0, 1, 0, 0, 0, 0, 0, 1], "bins": [0.0, 0.03007153421640396, 0.06014306843280792, 0.09021460264921188, 0.12028613686561584, 0.1503576636314392, 0.18042920529842377, 0.21050074696540833, 0.2405722737312317, 0.27064380049705505, 0.3007153272628784, 0.33078688383102417, 0.36085841059684753, 0.3909299373626709, 0.42100149393081665, 0.45107302069664, 0.4811445474624634, 0.5112161040306091, 0.5412876009941101, 0.5713591575622559, 0.6014306545257568, 0.6315022110939026, 0.6615737676620483, 0.6916452646255493, 0.7217168211936951, 0.7517883777618408, 0.7818598747253418, 0.8119314312934875, 0.8420029878616333, 0.8720744848251343, 0.90214604139328, 0.932217538356781, 0.9622890949249268, 0.9923606514930725, 1.0224322080612183, 1.0525037050247192, 1.0825752019882202, 1.1126468181610107, 1.1427183151245117, 1.1727898120880127, 1.2028613090515137, 1.2329329252243042, 1.2630044221878052, 1.2930759191513062, 1.3231475353240967, 1.3532190322875977, 1.3832905292510986, 1.4133621454238892, 1.4434336423873901, 1.4735051393508911, 1.5035767555236816, 1.5336482524871826, 1.5637197494506836, 1.5937913656234741, 1.623862862586975, 1.653934359550476, 1.6840059757232666, 1.7140774726867676, 1.7441489696502686, 1.7742204666137695, 1.80429208278656, 1.834363579750061, 1.864435076713562, 1.8945066928863525, 1.9245781898498535]}, "_runtime": 67, "_timestamp": 1634897967, "_step": 3, "_wandb": {"runtime": 68}}