{"layer0 to layer1 convergence": 0.3084399700164795, "layer1 to layer2 convergence": 0.27672022581100464, "layer0 to layer1 std": 0.27768877148628235, "layer1 to layer2 std": 0.26302140951156616, "layer0 spikes": 1426, "layer1 spikes": 578, "layer2 spikes": 27, "layer0 to layer1 gradients": {"_type": "histogram", "values": [1029, 1008, 1029, 1052, 1139, 1098, 1120, 1133, 1119, 1134, 1099, 1179, 1174, 1123, 1159, 1244, 1171, 1222, 1227, 1274, 1267, 1261, 1225, 1279, 1283, 1367, 1290, 1282, 1380, 1350, 1331, 1318, 1341, 1399, 1381, 1400, 1385, 1466, 1449, 1507, 1437, 1459, 1368, 1371, 1393, 1334, 1250, 1198, 1044, 956, 960, 861, 827, 696, 610, 606, 507, 490, 423, 2231, 1168, 89, 19, 9], "bins": [6.801196377637098e-06, 0.01670142076909542, 0.03339604288339615, 0.05009066313505173, 0.0667852833867073, 0.08347990363836288, 0.10017452389001846, 0.11686914414167404, 0.13356375694274902, 0.1502583771944046, 0.16695299744606018, 0.18364761769771576, 0.20034223794937134, 0.21703685820102692, 0.2337314784526825, 0.25042611360549927, 0.26712071895599365, 0.2838153541088104, 0.3005099594593048, 0.3172045946121216, 0.33389919996261597, 0.35059383511543274, 0.3672884404659271, 0.3839830756187439, 0.4006776809692383, 0.41737231612205505, 0.43406692147254944, 0.4507615566253662, 0.4674561619758606, 0.48415079712867737, 0.5008454322814941, 0.5175400376319885, 0.5342346429824829, 0.5509292483329773, 0.5676239132881165, 0.5843185186386108, 0.6010131239891052, 0.6177077293395996, 0.6344023942947388, 0.6510969996452332, 0.6677916049957275, 0.6844862103462219, 0.7011808753013611, 0.7178754806518555, 0.7345700860023499, 0.7512646913528442, 0.7679593563079834, 0.7846539616584778, 0.8013485670089722, 0.8180431723594666, 0.8347378373146057, 0.8514324426651001, 0.8681270480155945, 0.8848216533660889, 0.901516318321228, 0.9182109236717224, 0.9349055290222168, 0.9516001343727112, 0.9682947993278503, 0.9849894046783447, 1.0016840696334839, 1.0183786153793335, 1.0350732803344727, 1.0517678260803223, 1.0684624910354614]}, "layer1 to layer2 gradients": {"_type": "histogram", "values": [6317, 6564, 6534, 6901, 7154, 7409, 7661, 7974, 8118, 8509, 8786, 9186, 9437, 10045, 10122, 10690, 11004, 11541, 11923, 12314, 12342, 12444, 12287, 11843, 11367, 10326, 9520, 8497, 7410, 6589, 5844, 5019, 4349, 3764, 3130, 2639, 12534, 1615, 202, 46, 17, 5, 8, 4, 2, 3, 2, 0, 0, 0, 0, 1, 0, 1, 0, 0, 0, 0, 0, 0, 0, 0, 0, 1], "bins": [0.0, 0.02740592136979103, 0.05481184273958206, 0.08221776783466339, 0.10962368547916412, 0.13702960312366486, 0.16443553566932678, 0.19184145331382751, 0.21924737095832825, 0.24665328860282898, 0.2740592062473297, 0.30146512389183044, 0.32887107133865356, 0.3562769889831543, 0.38368290662765503, 0.41108882427215576, 0.4384947419166565, 0.4659006595611572, 0.49330657720565796, 0.5207124948501587, 0.5481184124946594, 0.5755243301391602, 0.6029302477836609, 0.6303361654281616, 0.6577421426773071, 0.6851480603218079, 0.7125539779663086, 0.7399598956108093, 0.7673658132553101, 0.7947717308998108, 0.8221776485443115, 0.8495835661888123, 0.876989483833313, 0.9043954014778137, 0.9318013191223145, 0.9592072367668152, 0.9866131544113159, 1.0140191316604614, 1.0414249897003174, 1.068830966949463, 1.0962368249893188, 1.1236428022384644, 1.1510486602783203, 1.1784546375274658, 1.2058604955673218, 1.2332664728164673, 1.2606723308563232, 1.2880783081054688, 1.3154842853546143, 1.3428901433944702, 1.3702961206436157, 1.3977019786834717, 1.4251079559326172, 1.4525138139724731, 1.4799197912216187, 1.5073256492614746, 1.5347316265106201, 1.562137484550476, 1.5895434617996216, 1.6169493198394775, 1.644355297088623, 1.671761155128479, 1.6991671323776245, 1.7265729904174805, 1.753978967666626]}, "_runtime": 93, "_timestamp": 1634896840, "_step": 5, "_wandb": {"runtime": 95}}